date,demand,marketing_event,holiday,log_demand,group_type
2026-06-01,118,0,0,4.770684624465665,Standard Day
2026-06-02,121,0,0,4.795790545596741,Standard Day
2026-06-03,125,0,0,4.8283137373023015,Standard Day
2026-06-04,123,0,0,4.812184355372417,Standard Day
2026-06-05,137,1,0,4.919980925828125,Marketing Only
2026-06-06,151,1,0,5.017279836814924,Marketing Only
2026-06-07,143,0,1,4.962844630259907,Holiday Only
2026-06-08,126,0,0,4.836281906951478,Standard Day
2026-06-09,129,0,0,4.859812404361672,Standard Day
2026-06-10,132,0,0,4.882801922586371,Standard Day
2026-06-11,135,0,0,4.90527477843843,Standard Day
2026-06-12,148,1,0,4.997212273764115,Marketing Only
2026-06-13,160,1,0,5.075173815233827,Marketing Only
2026-06-14,146,0,1,4.983606621708336,Holiday Only
2026-06-15,131,0,0,4.875197323201151,Standard Day
2026-06-16,134,0,0,4.897839799950911,Standard Day
2026-06-17,139,0,0,4.9344739331306915,Standard Day
2026-06-18,141,0,0,4.948759890378168,Standard Day
2026-06-19,154,1,0,5.0369526024136295,Marketing Only
2026-06-20,168,1,0,5.123963979403259,Marketing Only
2026-06-21,152,0,1,5.0238805208462765,Holiday Only
2026-06-22,137,0,0,4.919980925828125,Standard Day
2026-06-23,140,0,0,4.941642422609304,Standard Day
2026-06-24,144,0,0,4.969813299576001,Standard Day
2026-06-25,147,0,0,4.990432586778736,Standard Day
2026-06-26,161,1,0,5.081404364984463,Marketing Only
2026-06-27,174,1,0,5.159055299214529,Marketing Only
2026-06-28,158,0,1,5.062595033026967,Holiday Only
2026-06-29,143,0,0,4.962844630259907,Standard Day
2026-06-30,146,0,0,4.983606621708336,Standard Day
